Jeromy Benefield,5
Clinton Gordillo,5
Santa Rosenbaum,5
Lesa Casazza,5
Blondell Cobbins,5
Maryanne Battiste,5
Janean Melo,5
Bertram Laursen,5
Melisa Beachum,5
Russ Legaspi,5
Nelda Coello,5
Tennille Conti,5
Deeanna Kerbs,5
Barb Turek,5
Lindy Buel,5
Antoine Portnoy,5
Elenore Stanton,5
Danielle Clapp,5
Carita Thrift,5
Piper Cashen,5
Jaqueline Bryson,5
Jeanett Kaup,5
Lorita Yung,5
Trang Mehta,5
Genoveva Goodlett,5
Kirstin Defore,5
Charla Deschaine,5
Emerald Lubbers,5
Coy Sine,5
Yuki Jain,5
Cristin Burress,5
Chandra Vermillion,5
Carolynn Vigil,5
Kendall Marden,5
Belva Lightbody,5
Cira Hohl,5
Sirena Haden,5
Ruthanne Thetford,5
Nicki Gorham,5
Georgene Iler,5
Rachel Casselman,5
Cassaundra Bonilla,5
Jon Bulkley,5
Aliza Richmond,5
Katrina Elvira,5
Valeri Zehner,5
Franchesca Linehan,5
Richie Ritzer,5
Candelaria Lock,5
Antonia Bundy,5
Kiesha Smoak,5
Shamika Kovach,5
Joey Decelles,5
Zita Marez,5
Darlena Crigger,5
Casimira Colunga,5
Francene Taber,5
Tamiko Sjogren,5
Shaunte Decosta,5
Walton Bauch,5
Salvador Sawyer,5
Becki Parrino,5
Kimberlee Dejean,5
Randy Burruel,5
Chelsie Baumert,5
Letha Lenton,5
Brittanie Hasegawa,5
Tamar Broady,5
Lloyd Barner,5
Alfonso Bennet,5
Keitha Mccourt,5
Letty Masi,5
Kristal Jardin,5
Soraya Debruyn,5
Saul Knecht,5
Dottie Pinzon,5
Tena Yeoman,5
Roslyn Schnieders,5
Myrl Haight,5
Alix Kesinger,5
Dinah Janz,5
Brendon Lamson,5
Wesley Farrelly,5
Catheryn Towsend,5
Nerissa Whitbeck,5
Chantelle Villatoro,5
Season Percy,5
Margo Low,5
Jinny Roehrig,5
Russell Ishida,5
Jesenia Lucas,5
Alleen Hemmings,5
Kimber Lippold,5
Augusta Feldt,5
Rueben Misiewicz,5
Janay Lewicki,5
Lida Saar,5
Mario Buchholz,5
Julienne Mcmasters,5
Kristine Jenning,5
